CustomerID,Salutation,CustomerName,Gender,DateOfBirth,PermanentAddress,Country,State,CountryCode,City,STDCode,MobileNo,CustomerEmail,createdAt,createdBy,modifiedAt,modifiedBy
26921461-6ae7-48c2-8d6e-327d6570a1e2,n-26921461,CustomerName-26921461,r-26921461,2004-07-15,PermanentAddress-26921461,Country-26921461,State-26921461,21461,City-26921461,e-26921461,bileNo-26921461,CustomerEmail-26921461,2017-05-18T00:00:00.000Z,createdBy.g10qd@example.net,2022-12-12T00:00:00.000Z,modifiedBy.g10qd@example.org
18301275-2dec-4244-88ce-c214da56d4a1,n-18301275,CustomerName-18301275,r-18301275,2006-03-01,PermanentAddress-18301275,Country-18301275,State-18301275,01275,City-18301275,e-18301275,bileNo-18301275,CustomerEmail-18301275,2006-04-12T00:00:00.000Z,createdBy.aw9cr@example.org,2009-01-23T00:00:00.000Z,modifiedBy.aw9cr@example.com
18301276-dc4b-425c-b3ba-55a6cef6930b,n-18301276,CustomerName-18301276,r-18301276,2000-05-28,PermanentAddress-18301276,Country-18301276,State-18301276,01276,City-18301276,e-18301276,bileNo-18301276,CustomerEmail-18301276,2005-07-11T00:00:00.000Z,createdBy.aw9cs@example.net,2019-06-13T00:00:00.000Z,modifiedBy.aw9cs@example.com
18301277-6468-48eb-a3a8-ef502cbf77c4,n-18301277,CustomerName-18301277,r-18301277,2012-05-23,PermanentAddress-18301277,Country-18301277,State-18301277,01277,City-18301277,e-18301277,bileNo-18301277,CustomerEmail-18301277,2006-05-28T00:00:00.000Z,createdBy.aw9ct@example.net,2019-03-07T00:00:00.000Z,modifiedBy.aw9ct@example.org
18301278-09d1-4c9e-b6e7-690da4267799,n-18301278,CustomerName-18301278,r-18301278,2023-12-24,PermanentAddress-18301278,Country-18301278,State-18301278,01278,City-18301278,e-18301278,bileNo-18301278,CustomerEmail-18301278,2002-11-15T00:00:00.000Z,createdBy.aw9cu@example.net,2015-12-14T00:00:00.000Z,modifiedBy.aw9cu@example.net
18301279-1f95-4bcd-a628-394096e41911,n-18301279,CustomerName-18301279,r-18301279,2013-04-02,PermanentAddress-18301279,Country-18301279,State-18301279,01279,City-18301279,e-18301279,bileNo-18301279,CustomerEmail-18301279,2022-03-22T00:00:00.000Z,createdBy.aw9cv@example.com,2008-03-09T00:00:00.000Z,modifiedBy.aw9cv@example.com
18301280-d21c-480e-a11f-714815261769,n-18301280,CustomerName-18301280,r-18301280,2009-07-04,PermanentAddress-18301280,Country-18301280,State-18301280,01280,City-18301280,e-18301280,bileNo-18301280,CustomerEmail-18301280,2022-10-23T00:00:00.000Z,createdBy.aw9cw@example.org,2000-06-07T00:00:00.000Z,modifiedBy.aw9cw@example.org
18301281-d42a-437c-9cf1-2c3da027da1d,n-18301281,CustomerName-18301281,r-18301281,2020-04-20,PermanentAddress-18301281,Country-18301281,State-18301281,01281,City-18301281,e-18301281,bileNo-18301281,CustomerEmail-18301281,2005-04-18T00:00:00.000Z,createdBy.aw9cx@example.net,2009-06-12T00:00:00.000Z,modifiedBy.aw9cx@example.com
18301282-e0e6-4df5-983a-a9b2fc5ea1e9,n-18301282,CustomerName-18301282,r-18301282,2003-11-11,PermanentAddress-18301282,Country-18301282,State-18301282,01282,City-18301282,e-18301282,bileNo-18301282,CustomerEmail-18301282,2003-07-12T00:00:00.000Z,createdBy.aw9cy@example.net,2012-01-22T00:00:00.000Z,modifiedBy.aw9cy@example.org
18301283-4b82-48ce-b0be-ecaf4408aacb,n-18301283,CustomerName-18301283,r-18301283,2015-02-26,PermanentAddress-18301283,Country-18301283,State-18301283,01283,City-18301283,e-18301283,bileNo-18301283,CustomerEmail-18301283,2005-02-11T00:00:00.000Z,createdBy.aw9cz@example.com,2003-05-12T00:00:00.000Z,modifiedBy.aw9cz@example.com